StartDate,StartTime,EndDate,EndTime,Duration,IPAddress,Latitude,Longitude,User,learn_sent,think_sent,curious,enjoy_sent,more_course,empat_sent,cred_sent,feel_sent,assist_sent,uncomf_sent,indiff_sent,intres_sent,amia_sent,arrog_sent,friend_sent,empath_host,cred_host,feel_host,assit_host,uncomf_host,indiff_host,intres_host,amia_host,arrog_host,friend_host,1stQ,2ndQ,Male,Age,Expr,Educ,enthus_self,critic_self,dissip_self,anx_self,openm_self,intro_self,simp_self,unorg_self,stable_self,uncreat_self,typeB,score,Period
23/02/2020,13:26:35,23/02/2020,13:30:00,205,109.186.128.213,32.06669617,34.76669312,1234561131,4,4,5,4,4,3,2,3,4,2,2,3,3,4,2,4,4,4,4,4,2,4,4,4,4,4,5,1,28,4,3,2,2,7,2,6,6,6,2,4,2,0,0,0
25/02/2020,6:15:25,25/02/2020,6:23:53,508,37.26.146.168,32.06669617,34.76669312,1234561029,2,1,2,2,3,2,2,3,3,5,3,1,2,5,3,3,3,2,2,3,3,2,3,4,3,4,5,0,56,4,4,1,4,7,5,3,5,7,1,5,4,0,100,0
27/02/2020,6:43:43,27/02/2020,6:47:49,245,89.139.125.21,32.81599426,34.98210144,1234561037,1,3,4,5,4,3,4,5,5,5,1,3,5,5,4,4,4,3,4,4,2,4,4,5,4,4,2,1,27,3,3,4,5,4,6,5,2,3,4,2,4,0,75,0
27/02/2020,7:07:07,27/02/2020,7:10:38,211,2.53.145.94,32.06669617,34.76669312,1234561038,5,3,1,3,2,3,4,4,4,3,3,3,2,3,2,3,3,2,2,1,4,3,3,2,2,4,2,1,28,2,3,1,4,4,3,2,2,2,1,4,3,0,63,0
27/02/2020,7:16:23,27/02/2020,7:20:51,267,77.124.21.95,32.06669617,34.76669312,1234561039,3,3,3,3,3,3,3,3,3,4,3,3,2,4,2,3,3,3,3,3,3,3,3,3,3,4,2,1,26,2,2,2,2,5,1,4,4,4,3,7,4,0,75,0
27/02/2020,6:11:44,27/02/2020,6:19:35,471,89.139.125.21,32.81599426,34.98210144,1234562112,1,1,3,2,1,1,1,3,2,4,3,2,1,5,2,4,4,5,5,3,4,5,5,3,2,4,2,1,27,3,3,5,5,3,6,6,2,3,4,2,5,0,88,0
27/02/2020,6:32:11,27/02/2020,6:37:18,307,185.175.35.230,32.06669617,34.76669312,1234562113,5,5,4,4,3,4,3,1,4,1,3,1,4,2,3,5,5,5,5,1,1,5,5,1,5,4,2,1,28,2,3,1,1,6,1,7,6,5,4,6,1,0,75,0
27/02/2020,7:14:35,27/02/2020,7:19:23,288,37.26.149.166,31.9631958,34.80400085,1234562114,4,4,5,5,5,5,3,2,4,2,3,5,4,4,3,3,4,2,4,3,2,4,4,2,5,4,2,1,28,3,1,5,3,6,2,7,4,6,3,6,1,0,75,0
29/02/2020,1:29:09,29/02/2020,1:44:38,928,5.29.212.75,32.68890381,34.94239807,1234561022,3,2,3,3,3,4,2,3,3,3,2,3,2,4,2,3,2,3,2,4,3,3,2,4,2,4,2,0,25,3,2,4,5,7,1,6,3,6,2,4,2,0,100,0
29/02/2020,6:11:06,29/02/2020,6:15:41,275,213.57.236.135,32.33479309,34.85960388,1234561030,4,4,3,4,3,2,2,4,4,5,4,3,2,4,2,4,2,5,3,4,4,4,2,5,2,4,2,1,22,3,3,2,3,6,3,6,3,6,2,4,4,0,88,0
29/02/2020,1:44:52,29/02/2020,1:57:33,761,5.29.212.75,32.68890381,34.94239807,1234561132,4,4,3,3,3,3,3,4,2,5,5,3,3,5,2,4,3,4,4,3,4,2,2,5,3,4,2,1,28,4,1,4,5,6,5,5,3,7,1,5,2,0,88,0
06/03/2020,9:33:31,06/03/2020,9:47:15,824,213.57.236.135,32.33479309,34.85960388,1234561031,2,2,4,3,5,2,2,3,1,5,3,2,2,5,3,1,2,2,4,3,3,3,2,5,2,4,2,1,60,4,4,3,3,7,1,7,3,5,1,6,1,0,100,0
06/03/2020,12:51:07,06/03/2020,13:03:52,764,213.57.236.135,32.33479309,34.85960388,1234561032,1,2,2,3,2,3,2,4,2,3,3,4,4,3,4,3,3,3,4,4,3,3,3,3,3,4,2,1,23,2,3,4,4,7,1,5,7,5,3,6,4,0,88,0
08/03/2020,5:20:54,08/03/2020,5:24:06,192,89.139.29.122,32.06669617,34.76669312,1234561134,3,3,4,5,3,4,4,4,4,3,3,2,3,2,3,3,4,4,4,3,4,2,3,4,3,4,2,1,30,4,2,5,6,5,3,6,4,6,5,6,3,0,75,0
08/03/2020,5:39:41,08/03/2020,5:44:16,275,84.109.100.45,32.08210754,34.81219482,1234561136,2,1,2,2,2,1,1,4,3,5,2,2,2,2,2,4,2,4,4,4,2,3,2,4,2,4,2,1,28,3,1,6,2,5,2,7,2,7,5,7,1,0,88,0
08/03/2020,9:44:37,08/03/2020,9:47:16,159,193.219.81.11,54.68380737,25.29870605,1234561137,4,4,4,3,4,4,4,3,4,2,2,3,4,2,3,3,4,3,2,2,2,3,3,2,3,4,2,0,25,2,3,4,5,3,5,5,3,5,3,4,5,0,63,0
08/03/2020,8:40:42,08/03/2020,8:46:25,342,212.179.254.106,32.06669617,34.76669312,1234561138,4,4,4,4,3,4,4,3,2,1,2,2,3,2,3,2,2,1,1,1,3,2,3,1,2,4,5,0,24,2,2,4,5,6,5,4,3,4,1,5,2,0,75,0
09/03/2020,14:57:41,09/03/2020,15:01:24,223,2.53.128.2,32.06669617,34.76669312,1234561024,5,3,4,4,5,1,1,1,1,3,5,1,1,1,1,3,5,1,1,4,4,1,2,1,1,4,2,1,30,4,3,4,4,6,1,6,5,5,5,5,3,0,88,0
09/03/2020,12:29:54,09/03/2020,12:33:01,187,37.46.46.62,32.0664978,34.76519775,1234561034,5,4,3,4,3,3,3,2,3,4,3,3,2,4,3,3,2,4,4,4,4,3,2,4,4,4,2,0,26,3,3,4,3,6,5,5,3,6,3,3,3,0,100,0
09/03/2020,7:52:37,09/03/2020,7:56:34,236,141.226.63.35,32.0664978,34.76519775,1234561063,4,4,4,4,5,3,3,4,2,4,1,4,3,3,3,3,3,4,4,5,4,3,3,5,2,3,2,1,22,2,3,4,5,6,4,4,6,3,2,5,2,0,75,0
09/03/2020,5:16:00,09/03/2020,5:19:00,180,185.175.35.154,32.0664978,34.76519775,1234561133,3,4,4,3,2,2,2,2,4,3,3,3,2,4,3,2,3,2,2,2,2,3,3,1,4,4,2,1,30,4,1,4,3,7,2,3,5,5,2,6,2,0,75,0
09/03/2020,9:31:38,09/03/2020,9:35:14,216,5.102.238.156,32.06669617,34.76669312,1234561156,3,2,4,4,3,3,4,5,2,4,3,2,4,4,4,4,4,5,2,3,3,2,4,4,4,4,2,0,24,4,2,3,4,7,5,7,7,7,4,7,1,0,88,0
09/03/2020,12:09:21,09/03/2020,12:12:22,180,172.58.14.196,25.76100159,-80.23249817,1234561158,5,5,5,5,5,5,5,5,5,1,1,5,5,1,5,5,5,5,5,1,1,5,5,1,5,3,2,0,22,3,1,4,5,5,2,7,7,6,2,6,3,0,88,0
09/03/2020,9:40:28,09/03/2020,9:44:42,253,93.173.7.50,32.81599426,34.98210144,1234561159,2,2,1,1,1,1,2,2,1,5,5,1,1,5,2,3,2,3,3,5,5,1,1,5,1,4,2,0,27,4,1,4,3,7,3,5,6,6,1,6,3,0,75,0
09/03/2020,9:47:51,09/03/2020,9:56:24,513,188.64.206.65,32.06669617,34.76669312,1234561160,1,1,2,1,2,1,2,1,1,4,4,1,2,4,3,3,1,2,2,4,4,2,1,4,3,4,3,1,23,3,2,7,7,7,4,7,4,4,2,5,1,0,100,0
09/03/2020,11:16:30,09/03/2020,12:29:31,3239,176.12.150.129,32.08210754,34.81219482,1234562111,4,4,3,4,4,2,3,4,3,5,2,3,2,5,2,3,1,3,3,5,5,3,1,4,2,4,2,0,27,2,3,3,2,3,2,6,5,5,3,6,3,0,75,0
10/03/2020,2:41:38,10/03/2020,2:45:01,203,2.53.17.86,32.0664978,34.76519775,1234561036,1,2,2,2,2,1,1,1,1,5,5,1,1,5,1,2,1,3,3,5,5,2,1,5,1,4,2,0,26,4,3,1,2,7,5,7,6,7,1,7,1,0,100,0
10/03/2020,8:36:58,10/03/2020,8:47:56,657,37.46.46.197,32.06669617,34.76669312,1234561062,2,3,3,3,1,5,4,4,5,1,2,4,3,2,3,2,4,1,3,2,5,2,3,1,3,4,5,1,30,4,3,2,5,2,3,5,6,6,1,4,1,0,100,0
10/03/2020,10:40:33,10/03/2020,10:45:57,324,141.226.73.146,32.0664978,34.76519775,1234561064,4,4,3,5,5,5,3,5,2,2,3,5,2,5,2,2,2,3,3,5,5,4,2,5,3,2,5,0,46,4,3,2,6,7,1,6,1,7,1,7,1,0,75,0
10/03/2020,5:29:05,10/03/2020,5:32:23,197,80.246.133.2,32.06669617,34.76669312,1234561155,5,5,5,4,4,5,5,4,5,2,1,4,4,1,5,4,4,2,2,2,1,4,4,3,3,4,2,0,26,3,3,6,6,5,2,7,2,7,4,5,1,0,75,0
10/03/2020,2:56:30,10/03/2020,3:02:19,349,109.253.189.120,32.06669617,34.76669312,1234561157,4,3,3,2,2,1,1,2,2,4,3,3,2,3,3,3,2,3,3,4,3,3,2,3,2,4,2,0,27,4,3,6,5,7,5,4,2,5,3,4,4,0,88,0
11/03/2020,12:17:24,11/03/2020,12:22:25,301,147.161.9.103,31.7808075,35.22869873,1234561065,2,5,3,1,4,2,2,2,1,2,5,2,2,4,2,1,1,3,1,3,5,2,2,5,1,3,2,1,26,2,3,2,1,7,1,4,2,7,1,7,3,0,88,0
11/03/2020,15:42:00,11/03/2020,15:46:32,272,5.22.133.240,32.0664978,34.76519775,1234561070,3,3,4,3,2,3,4,3,5,2,1,3,3,2,2,1,3,1,1,2,1,1,2,1,2,4,2,1,25,3,3,5,2,6,3,5,7,7,2,4,4,0,88,0
11/03/2020,13:00:41,11/03/2020,13:28:21,1659,77.127.135.147,32.06669617,34.76669312,1234561192,1,1,1,1,1,2,3,1,1,3,3,2,2,1,1,1,1,1,1,4,2,1,1,1,1,4,2,0,26,4,1,6,6,7,7,7,3,6,4,2,1,0,88,0
11/03/2020,13:05:17,11/03/2020,13:53:45,2907,80.230.89.220,32.06669617,34.76669312,1234561193,4,4,3,3,2,3,3,2,2,4,3,2,2,2,2,2,2,2,1,2,2,3,3,3,3,4,2,1,30,3,3,3,3,5,2,6,4,4,4,6,3,0,75,0
11/03/2020,13:53:52,11/03/2020,14:10:38,1006,80.230.89.220,32.06669617,34.76669312,1234561193,4,4,4,4,4,2,1,3,1,5,3,2,2,5,3,3,2,3,2,5,3,2,2,4,2,4,2,0,29,4,4,4,5,7,1,5,3,7,3,6,4,0,75,0
11/03/2020,13:52:17,11/03/2020,14:02:12,595,176.231.148.126,32.01229858,34.77049255,1234561194,5,5,5,5,2,4,3,4,1,2,4,2,4,3,4,1,1,3,3,5,5,2,2,5,3,4,2,0,25,3,3,7,2,6,5,6,3,7,1,6,1,0,75,0
12/03/2020,4:32:50,12/03/2020,4:45:23,752,77.126.30.127,32.06669617,34.76669312,1234561067,4,2,2,5,5,3,4,4,4,1,2,4,4,1,4,1,3,1,1,1,4,2,3,1,4,4,2,0,26,2,3,3,3,7,2,5,2,7,1,6,5,0,100,0
12/03/2020,10:35:29,12/03/2020,10:38:54,205,185.32.178.137,32.06669617,34.76669312,1234561068,3,2,5,4,3,2,3,5,5,5,1,3,1,5,2,5,5,5,5,5,5,5,5,5,5,4,2,0,25,3,3,1,6,6,7,7,7,5,1,3,4,0,75,0
12/03/2020,6:53:53,12/03/2020,7:01:11,437,109.253.211.84,32.06669617,34.76669312,1234561069,1,1,4,3,5,3,4,3,4,1,3,4,4,1,3,4,4,4,3,2,2,4,4,2,4,3,5,0,26,3,4,3,4,7,3,5,6,6,3,6,5,0,88,0
12/03/2020,4:43:26,12/03/2020,4:47:21,234,89.237.75.4,32.01229858,34.77049255,1234561196,1,1,1,1,2,2,2,3,1,5,5,1,1,1,1,1,1,1,1,5,5,1,1,5,1,4,2,0,24,2,3,5,7,7,3,7,1,7,1,1,4,0,75,0
13/03/2020,8:45:08,13/03/2020,8:48:58,230,109.253.198.65,32.06669617,34.76669312,1234561197,3,2,1,2,3,3,3,2,2,4,5,2,2,3,3,4,1,3,5,1,3,5,3,3,4,4,2,0,25,2,4,4,5,7,1,6,2,4,2,6,4,0,88,0
14/03/2020,4:26:13,14/03/2020,4:29:35,201,141.226.74.50,32.06669617,34.76669312,1234561072,3,2,3,3,5,2,2,4,3,1,3,3,2,4,3,5,4,5,5,1,3,4,3,5,2,4,2,0,21,2,1,3,4,4,4,5,5,7,3,6,1,0,100,0
15/03/2020,11:27:33,15/03/2020,11:33:33,360,109.186.60.165,32.30749512,34.90550232,1234561149,3,2,2,3,2,2,2,3,3,3,3,2,2,4,2,3,2,2,2,3,3,2,2,5,1,4,2,0,27,3,3,4,1,5,4,5,5,6,4,4,3,0,75,0
16/03/2020,10:51:24,16/03/2020,11:04:39,795,109.186.242.133,32.06669617,34.76669312,1234561073,3,4,4,2,2,2,1,1,4,4,4,3,3,4,2,1,4,1,1,5,3,2,3,1,2,4,2,1,22,2,1,4,2,5,4,6,4,4,6,3,3,0,75,0
16/03/2020,8:05:00,16/03/2020,8:40:24,2124,93.172.254.65,32.06669617,34.76669312,1234561147,4,4,4,4,4,4,3,3,3,2,2,2,2,2,2,2,1,2,2,5,5,2,3,5,3,4,2,0,30,3,3,5,3,5,4,5,2,6,5,4,2,0,75,0
16/03/2020,12:55:47,16/03/2020,13:01:14,327,109.186.167.149,32.06669617,34.76669312,1234561148,1,1,4,4,2,2,2,2,1,5,4,3,3,5,3,3,2,3,3,5,4,3,3,5,3,4,2,0,27,4,3,6,6,6,5,6,3,6,2,5,1,0,75,0
16/03/2020,9:59:56,16/03/2020,10:03:02,186,46.19.86.147,32.06669617,34.76669312,1234561151,5,5,4,4,5,4,4,4,5,1,1,5,5,1,5,3,5,2,3,1,1,5,5,1,2,4,2,0,28,3,3,1,2,7,5,5,6,7,1,5,5,0,75,0
16/03/2020,14:58:38,16/03/2020,15:11:15,756,165.225.66.69,55.75270081,37.61720276,1234561153,4,3,4,4,4,4,4,4,4,2,2,3,3,2,3,2,2,3,3,3,2,3,2,3,2,4,2,1,34,4,3,4,5,5,3,5,5,4,2,5,5,0,75,0
17/03/2020,10:01:54,17/03/2020,10:04:33,158,84.229.39.178,31.79150391,34.64970398,1234561074,4,4,5,5,3,4,5,3,5,1,2,4,4,1,4,2,5,4,1,1,1,3,4,1,4,3,2,0,25,4,3,3,5,7,4,6,3,6,2,4,4,0,75,0
17/03/2020,10:55:08,17/03/2020,10:59:41,273,79.176.219.35,32.06669617,34.76669312,1234561076,5,5,5,5,5,5,5,5,5,1,3,5,5,3,5,4,4,5,5,2,3,5,5,5,5,4,2,0,25,3,3,4,4,4,1,7,4,7,5,7,1,0,88,0
17/03/2020,7:02:34,17/03/2020,7:22:28,1193,185.175.32.138,32.06669617,34.76669312,1234561077,1,1,1,2,2,4,2,4,3,5,4,2,2,4,2,3,1,4,2,5,4,2,2,5,2,4,2,0,25,2,3,4,6,6,5,5,4,4,3,3,5,0,100,0
17/03/2020,8:28:00,17/03/2020,8:31:00,178,83.130.188.46,32.06669617,34.76669312,1234561042,2,3,3,3,5,2,4,1,2,1,4,2,4,1,5,2,4,2,4,1,4,2,4,1,1,4,2,0,27,3,3,4,5,4,4,5,2,5,4,5,6,0,100,0
17/03/2020,13:20:00,17/03/2020,13:23:00,149,93.172.85.159,32.06669617,34.76669312,1234561046,1,2,2,2,2,2,1,1,3,3,3,2,2,2,2,2,3,4,3,4,2,3,2,3,3,4,2,1,26,3,3,5,6,5,3,3,4,5,2,5,4,0,100,0
17/03/2020,13:25:00,17/03/2020,13:30:00,277,83.130.188.46,32.06669617,34.76669312,1234561047,1,2,3,2,1,2,1,1,2,3,4,2,2,4,2,3,3,2,1,3,4,2,4,1,4,1,2,0,26,3,3,6,5,6,4,7,2,7,2,7,4,0,88,0
17/03/2020,8:37:00,17/03/2020,8:40:00,182,89.139.225.247,32.08760071,34.87390137,1234561048,4,5,4,4,4,5,4,4,5,2,3,4,3,4,4,4,4,3,4,2,2,3,4,2,4,4,5,0,24,2,3,5,4,6,3,7,3,7,2,6,1,0,75,0
17/03/2020,6:43:00,17/03/2020,6:55:00,714,89.139.220.248,32.06669617,34.76669312,1234561049,4,5,3,4,5,3,3,2,4,1,3,3,4,5,3,3,4,3,3,1,2,2,3,1,4,4,2,1,27,2,3,4,5,7,2,7,3,5,6,5,2,0,88,0
18/03/2020,13:18:48,18/03/2020,13:32:08,799,79.176.220.212,32.06669617,34.76669312,1234561152,2,5,5,4,3,1,3,3,1,5,5,3,2,3,4,1,1,1,2,5,5,2,1,5,3,4,2,0,27,4,3,3,1,5,1,7,2,7,3,7,7,0,88,0
18/03/2020,13:32:56,18/03/2020,13:44:46,709,79.176.220.212,32.06669617,34.76669312,1234561154,5,3,4,4,3,3,3,4,4,3,1,4,3,2,4,4,4,5,5,5,1,5,4,2,5,4,5,1,28,3,3,3,6,7,3,3,7,5,1,7,1,0,100,0
18/03/2020,5:10:47,18/03/2020,5:22:31,703,79.179.8.115,32.06669617,34.76669312,1234561191,4,4,3,5,3,4,5,4,4,3,2,2,3,2,4,4,4,4,3,3,5,4,3,4,4,4,5,0,25,2,3,2,5,5,6,6,3,5,1,5,2,0,100,0
19/03/2020,9:24:28,19/03/2020,9:38:49,861,141.226.14.202,32.0664978,34.76519775,1234561075,1,1,2,2,2,3,2,4,1,3,5,2,2,4,2,2,2,4,2,5,5,2,2,4,2,4,2,0,25,3,4,1,5,6,3,5,3,5,1,7,1,0,100,0
19/03/2020,12:22:38,19/03/2020,12:25:12,153,89.208.132.100,31.5,34.75,1234561078,4,4,3,4,3,5,4,3,5,2,2,5,3,2,3,3,3,2,2,2,3,3,2,2,2,4,2,0,26,3,3,3,5,4,3,5,2,5,4,5,3,0,75,0
20/03/2020,10:12:15,20/03/2020,10:15:17,181,176.12.193.189,32.0664978,34.76519775,1234561199,4,4,4,3,3,4,3,3,4,2,2,3,3,2,3,3,4,1,1,1,2,3,4,3,4,4,2,0,26,3,3,1,3,4,6,6,6,6,3,7,2,0,100,0
21/03/2020,3:41:15,21/03/2020,3:46:14,298,109.64.65.48,32.18170166,34.93580627,1234561025,5,5,3,4,5,4,4,5,3,1,3,4,3,1,4,4,3,5,5,4,3,5,3,3,3,4,2,1,30,2,3,1,3,5,2,6,7,6,5,6,4,0,100,0
21/03/2020,3:56:45,21/03/2020,4:06:58,612,109.64.65.48,32.18170166,34.93580627,1234561026,2,1,1,2,1,1,1,3,1,5,5,2,3,5,3,2,2,5,3,5,2,2,3,5,3,4,2,1,61,4,4,3,5,6,2,7,5,4,3,7,3,0,100,0
21/03/2020,4:07:58,21/03/2020,4:27:46,1187,109.64.65.48,32.0664978,34.76519775,1234561139,1,1,1,1,1,2,1,3,2,5,5,1,1,5,2,2,1,3,2,5,3,1,2,5,3,4,2,0,60,4,3,5,5,7,2,7,4,6,1,7,6,0,88,0
21/03/2020,4:29:19,21/03/2020,4:41:56,756,109.64.65.48,32.18170166,34.93580627,1234561140,3,2,5,4,3,3,2,3,1,5,2,3,2,5,2,5,3,5,5,3,1,5,3,5,3,4,2,0,25,2,3,2,4,6,3,6,4,7,1,5,5,0,75,0
21/03/2020,3:56:15,21/03/2020,12:12:15,3239,79.178.10.203,32.05000305,34.86669922,1234567890,1,1,1,1,1,1,1,1,1,1,1,1,1,1,1,1,1,1,1,1,1,1,1,1,1,4,2,1,30,2,1,1,1,1,1,1,1,1,1,1,1,0,25,0
21/03/2020,14:48:00,21/03/2020,14:51:00,230,2.53.165.9,32.0664978,34.76519775,1234561221,5,3,4,5,5,5,5,1,5,1,1,3,3,3,3,3,4,3,4,3,3,3,3,3,3,4,2,1,26,2,3,5,4,7,2,6,3,6,2,7,2,1,88,0
21/03/2020,15:00:00,21/03/2020,15:04:00,238,79.178.10.203,32.05000305,34.86669922,1234561223,2,4,2,2,2,2,2,1,2,4,5,2,2,2,2,2,3,2,3,3,5,1,4,3,3,4,2,0,31,4,3,4,4,6,2,7,4,7,2,6,3,1,88,0
22/03/2020,11:57:54,22/03/2020,12:01:51,237,87.70.5.234,32.06669617,34.76669312,1234561023,1,1,1,1,1,2,1,2,1,4,4,1,2,5,2,2,2,5,1,5,3,2,1,4,2,4,2,1,25,3,3,2,5,7,5,7,2,7,2,5,2,0,88,0
22/03/2020,9:40:47,29/03/2020,9:16:43,3239,176.230.138.35,32.16789246,34.83399963,1234561061,3,4,4,4,4,2,2,2,2,3,2,2,2,2,2,2,2,2,2,3,4,2,2,2,2,4,2,0,25,2,3,5,1,6,1,6,1,7,1,6,3,0,88,0
22/03/2020,9:25:00,22/03/2020,9:28:11,190,141.226.56.29,31.9631958,34.80400085,1234561199,4,4,5,5,4,2,4,4,5,3,5,2,4,5,4,4,5,2,1,1,5,4,2,1,4,4,2,1,29,4,3,6,7,5,5,7,1,6,2,2,1,0,100,0
22/03/2020,8:55:17,22/03/2020,9:06:20,662,94.230.80.118,32.14720154,34.84170532,1234561200,3,1,1,1,1,1,1,1,1,5,4,1,1,4,2,1,1,2,2,4,3,2,2,5,2,4,4,1,28,3,3,5,3,6,5,5,6,7,2,5,3,0,100,0
22/03/2020,9:10:30,22/03/2020,9:17:20,410,79.176.40.224,32.06669617,34.76669312,1234561201,1,2,4,2,3,2,1,4,2,4,3,1,3,5,1,3,2,3,2,4,3,1,1,5,1,4,2,1,12,1,1,6,3,7,5,7,2,6,2,7,1,0,88,0
22/03/2020,9:10:33,22/03/2020,9:16:29,355,176.229.180.105,32.18170166,34.93580627,1234561202,2,2,4,3,4,4,4,5,3,3,1,4,3,1,4,3,2,3,3,3,3,1,2,4,3,4,2,1,29,3,2,1,3,5,4,3,6,5,4,4,1,0,88,0
22/03/2020,9:23:24,22/03/2020,9:30:32,427,46.116.136.175,32.06669617,34.76669312,1234561204,2,4,5,5,4,3,1,1,1,1,3,4,4,3,2,3,5,1,1,1,5,4,5,1,5,3,2,1,54,4,1,2,2,7,2,2,6,2,6,1,6,0,75,0
22/03/2020,6:50:57,22/03/2020,6:54:43,225,5.102.239.254,32.0664978,34.76519775,1234562115,4,5,5,4,5,2,1,1,2,5,5,2,2,5,2,5,2,5,5,3,2,5,5,3,3,4,2,0,37,4,3,2,4,6,5,5,3,7,5,4,1,0,75,0
22/03/2020,11:55:31,23/03/2020,5:02:46,3239,77.125.27.254,32.0664978,34.76519775,1234567891,2,2,2,2,2,1,1,1,1,1,1,1,1,1,1,1,1,1,1,1,1,1,1,1,1,3,2,0,21,1,2,1,1,1,1,1,1,1,1,1,1,0,25,0
22/03/2020,12:53:00,22/03/2020,12:56:00,225,2.53.130.110,32.06669617,34.76669312,1234561041,1,5,3,1,1,1,2,5,5,5,3,5,3,3,3,5,5,5,5,5,5,5,5,5,5,4,2,1,27,2,3,2,5,6,2,7,6,5,5,6,5,0,100,0
22/03/2020,7:33:00,22/03/2020,7:37:00,266,93.172.99.117,32.08760071,34.87390137,1234561045,2,3,3,2,5,2,2,4,2,2,3,4,3,3,3,4,3,5,4,1,2,4,3,3,3,4,2,1,26,3,3,4,5,7,3,6,4,5,2,5,3,0,75,0
23/03/2020,6:36:51,23/03/2020,6:41:09,258,77.137.95.157,32.06669617,34.76669312,1234561171,3,2,2,3,4,2,2,4,4,3,3,3,3,3,3,3,3,4,4,3,3,3,2,4,2,4,2,1,59,4,4,5,4,5,5,7,3,7,2,5,2,0,88,0
23/03/2020,6:56:56,23/03/2020,7:01:26,270,79.176.49.178,32.06669617,34.76669312,1234561172,3,4,2,3,1,2,1,1,1,5,1,1,1,1,1,1,1,1,1,5,1,2,1,1,1,4,2,0,23,3,3,5,6,5,2,6,2,7,2,4,2,0,75,0
23/03/2020,8:45:25,23/03/2020,8:49:04,218,109.67.40.83,32.06669617,34.76669312,1234561173,5,3,2,4,3,2,3,2,3,2,2,4,2,4,2,1,4,1,2,4,2,3,1,3,1,4,2,1,26,2,3,4,7,7,7,3,5,3,5,1,4,0,75,0
23/03/2020,7:41:00,23/03/2020,7:44:00,159,85.250.247.6,32.43640137,34.91960144,1234561222,2,2,4,4,3,4,4,3,4,2,2,4,4,2,4,1,3,1,4,1,1,4,4,2,3,4,2,1,26,1,3,3,2,5,2,5,4,5,2,5,6,1,100,0
23/03/2020,4:21:00,23/03/2020,4:25:00,260,83.130.188.59,32.06669617,34.76669312,1234561050,1,2,1,2,1,1,2,2,1,3,5,1,2,2,2,1,1,2,1,4,5,2,1,1,1,4,2,0,27,2,3,3,7,7,7,1,4,4,1,4,4,0,88,0
24/03/2020,9:45:49,24/03/2020,10:00:58,908,109.186.7.219,32.16789246,34.83399963,1234561174,5,5,4,4,4,4,3,5,2,5,4,4,5,5,5,5,4,3,5,5,4,4,4,5,5,4,2,0,27,3,3,4,6,6,1,5,4,6,2,7,3,0,75,0
24/03/2020,4:15:00,24/03/2020,4:21:00,372,31.168.85.30,32.06669617,34.76669312,1234561224,3,4,4,4,4,1,3,2,1,5,5,3,2,5,2,3,2,3,3,3,3,1,1,4,2,4,2,0,24,2,3,4,7,5,5,6,4,7,1,6,1,1,100,0
24/03/2020,4:29:00,24/03/2020,4:32:00,202,31.168.85.30,32.06669617,34.76669312,1234561224,4,3,2,3,2,2,2,2,2,4,4,2,2,4,3,2,2,3,2,4,4,2,2,4,3,4,2,0,24,2,3,3,6,6,5,6,5,7,1,7,1,1,100,0
24/03/2020,4:29:00,24/03/2020,4:33:00,236,2.55.146.78,32.06669617,34.76669312,1234561226,4,4,3,4,3,3,4,3,5,2,3,4,5,2,4,2,4,2,3,2,4,3,5,1,5,4,2,0,26,2,3,6,6,6,5,5,2,5,3,5,3,1,100,0
24/03/2020,4:28:00,24/03/2020,4:34:00,352,141.226.208.227,32.06669617,34.76669312,1234561228,4,2,2,2,2,3,2,3,2,5,4,2,2,5,3,3,2,3,2,5,4,2,2,5,2,3,2,0,25,3,3,5,4,5,6,7,3,7,3,4,4,1,75,0
25/03/2020,12:58:44,25/03/2020,13:16:17,1052,212.179.195.94,32.0664978,34.76519775,1234561040,4,4,4,4,5,5,5,5,5,5,1,5,5,5,5,5,5,5,5,1,5,5,5,5,5,4,2,1,27,4,3,4,2,5,4,6,1,7,4,4,1,0,88,0
25/03/2020,13:56:48,25/03/2020,14:01:54,305,46.116.140.115,32.08210754,34.81219482,1234561040,4,4,5,5,5,3,2,2,2,3,1,4,4,1,4,1,2,1,1,1,4,4,4,1,4,4,2,1,29,3,3,4,5,7,2,7,4,5,4,3,1,0,88,0
25/03/2020,6:28:09,25/03/2020,6:34:35,386,185.175.35.227,32.0664978,34.76519775,1234562117,3,4,4,3,4,4,4,2,2,1,3,4,3,1,3,3,3,2,2,1,4,3,3,1,3,4,2,1,28,4,4,4,2,5,2,5,4,5,3,5,3,0,63,0
25/03/2020,14:21:40,25/03/2020,14:29:30,469,89.139.72.117,32.28269958,34.9105072,1234562119,4,5,4,4,3,4,4,2,4,2,1,4,3,1,4,3,4,2,4,1,1,4,3,1,4,4,2,1,29,4,3,3,4,7,1,7,1,7,1,7,1,0,13,0
25/03/2020,12:42:57,25/03/2020,12:49:01,364,213.57.204.116,32.72390747,35.12719727,1234562128,4,4,2,2,2,2,2,4,1,5,3,2,2,4,2,3,2,4,2,4,2,2,2,4,2,4,2,0,36,4,1,2,2,6,2,5,6,6,2,6,6,0,100,0
25/03/2020,18:11:00,25/03/2020,18:43:00,1891,79.181.53.120,32.06669617,34.76669312,1234561041,2,2,2,2,3,3,3,4,3,4,4,2,2,5,2,2,2,3,4,5,4,2,2,5,2,4,2,0,63,4,4,6,3,6,2,5,2,5,3,6,3,0,100,0
25/03/2020,12:35:00,25/03/2020,12:39:00,218,185.108.80.101,31.81460571,34.77999878,1234561045,4,5,5,5,5,3,2,2,4,2,2,3,2,2,2,3,4,2,2,1,1,4,3,2,1,4,2,1,26,2,3,1,4,5,5,6,6,5,4,5,1,0,75,0
25/03/2020,12:14:00,25/03/2020,12:21:00,402,87.70.55.190,32.06669617,34.76669312,1234561046,5,2,2,3,4,4,4,2,2,1,3,3,4,2,3,2,4,2,2,1,4,4,5,2,3,4,2,1,24,2,3,4,5,4,4,7,3,5,4,5,2,0,100,0
25/03/2020,12:06:00,25/03/2020,12:15:00,571,141.226.56.101,31.9631958,34.80400085,1234561047,5,3,3,3,3,3,2,1,1,4,4,3,2,2,2,1,1,1,1,3,5,3,1,1,1,4,2,1,26,3,3,5,5,6,5,7,3,6,5,5,3,0,88,0
25/03/2020,12:38:00,25/03/2020,12:43:00,321,85.64.210.127,32.73139954,35.24409485,1234561048,2,2,2,2,2,2,2,3,2,5,3,2,2,3,3,3,2,3,3,5,2,2,1,5,1,4,2,1,19,2,1,4,5,6,4,4,5,5,2,6,3,0,75,0
26/03/2020,13:08:51,26/03/2020,13:12:21,209,86.149.252.51,51.53599548,-0.092498779,1234561175,2,3,1,1,1,1,1,1,1,4,4,3,3,3,3,3,3,3,3,3,3,3,3,3,3,4,2,1,30,4,3,5,5,7,7,5,2,4,4,4,1,0,88,0
26/03/2020,13:29:42,26/03/2020,13:34:17,274,86.149.252.51,51.53599548,-0.092498779,1234561176,4,4,4,2,2,2,4,5,4,4,3,3,2,5,3,5,5,5,5,4,3,4,4,2,4,4,2,0,29,3,4,2,3,7,3,5,7,7,1,5,3,0,88,0
26/03/2020,3:34:32,26/03/2020,3:37:18,165,77.125.31.188,32.06669617,34.76669312,1234562116,3,3,3,3,3,4,4,3,4,2,3,3,4,2,3,2,2,2,3,2,3,2,2,2,2,4,2,1,28,4,1,4,5,5,3,6,4,4,2,7,2,0,88,0
26/03/2020,12:47:57,26/03/2020,12:52:48,290,93.173.96.177,32.16789246,34.83399963,1234562118,4,4,5,4,5,4,5,5,1,2,3,4,4,2,4,4,3,5,3,3,3,4,2,5,3,4,2,1,28,2,3,5,6,6,2,6,3,6,2,6,2,0,88,0
26/03/2020,7:06:53,26/03/2020,7:17:05,611,85.64.210.127,32.73139954,35.24409485,1234562125,2,2,1,1,3,3,2,2,2,4,3,2,3,2,3,4,2,4,3,5,4,2,2,4,2,4,2,1,52,4,3,3,5,6,2,5,5,2,2,7,4,0,88,0
26/03/2020,14:36:05,26/03/2020,14:49:21,796,147.161.9.28,31.7808075,35.22869873,1234567890,1,1,1,1,1,1,1,1,1,1,1,1,1,1,1,1,1,1,1,1,1,1,1,1,1,1,3,0,32,3,1,1,1,1,1,1,1,1,1,1,1,0,25,0
26/03/2020,7:58:00,26/03/2020,8:10:00,725,84.108.13.43,32.72390747,35.12719727,1234561042,2,2,2,2,3,2,2,3,2,4,5,1,2,4,2,2,2,4,3,5,5,2,2,5,3,4,2,1,74,4,5,3,2,7,2,6,5,6,1,7,2,0,100,0
26/03/2020,13:55:00,26/03/2020,14:07:00,719,87.71.54.39,32.06669617,34.76669312,1234561043,5,4,5,4,5,5,4,4,5,1,1,5,5,4,4,5,5,5,5,1,1,5,4,5,4,4,2,0,26,4,3,4,4,4,4,5,1,6,3,5,3,0,100,0
26/03/2020,6:03:00,26/03/2020,6:08:00,276,2.53.185.97,32.06669617,34.76669312,1234561045,1,3,5,3,4,2,1,3,2,4,3,5,2,2,2,5,1,5,4,3,1,5,5,1,5,4,2,1,26,2,3,7,4,6,1,7,2,7,7,4,1,0,75,0
26/03/2020,3:23:00,26/03/2020,3:27:00,282,85.64.210.127,32.73139954,35.24409485,1234561049,4,4,5,5,5,3,3,3,4,5,3,4,3,5,2,4,5,5,4,1,3,5,5,1,5,4,2,0,48,4,4,3,5,7,6,4,5,6,2,5,4,0,88,0
27/03/2020,6:43:57,27/03/2020,6:48:10,252,93.173.118.203,32.0664978,34.76519775,1234561051,2,2,2,2,2,2,3,3,2,3,3,2,4,3,3,4,4,4,2,3,4,2,4,3,3,4,2,0,34,4,3,4,3,5,3,5,3,5,3,6,2,0,100,0
27/03/2020,7:12:13,27/03/2020,7:16:39,265,77.138.142.150,32.81599426,34.98210144,1234561052,4,4,5,5,4,5,5,5,5,2,1,4,5,2,5,3,4,3,3,4,2,2,3,3,4,4,2,1,35,4,3,2,2,5,1,7,4,7,2,7,2,0,100,0
27/03/2020,7:10:56,27/03/2020,7:22:23,687,77.138.142.150,32.81599426,34.98210144,1234561053,1,3,3,2,1,1,2,4,3,3,4,3,3,4,3,5,5,5,5,1,5,1,5,4,4,4,2,0,35,4,4,3,2,7,4,6,5,6,3,7,3,0,88,0
27/03/2020,7:52:35,27/03/2020,7:54:47,131,141.226.14.59,32.0664978,34.76519775,1234561054,3,3,3,3,4,2,2,3,3,3,3,3,3,3,3,3,3,4,3,4,3,3,3,3,3,4,2,1,50,4,4,5,3,5,3,4,3,6,3,5,4,0,88,0
27/03/2020,11:09:36,27/03/2020,12:02:43,3186,77.124.40.188,31.89430237,34.81919861,1234561055,3,2,4,5,4,3,4,3,3,2,2,3,4,2,4,3,4,3,2,2,2,4,4,3,3,4,2,0,30,3,4,5,4,7,3,5,3,6,2,4,1,0,88,0
27/03/2020,10:59:31,27/03/2020,11:03:50,259,176.229.252.41,32.81599426,34.98210144,1234561056,1,1,1,2,1,2,1,2,1,5,5,1,2,5,2,1,1,2,2,5,5,1,1,5,1,4,2,0,70,4,4,4,3,7,2,7,6,6,1,7,2,0,88,0
27/03/2020,10:51:45,27/03/2020,11:15:03,1397,176.229.252.41,32.81599426,34.98210144,1234561057,1,1,1,1,2,1,1,1,1,5,4,1,1,4,1,1,1,1,1,5,5,1,1,4,1,3,5,1,66,4,2,2,6,7,7,6,3,7,2,3,2,0,100,0
27/03/2020,11:34:02,27/03/2020,11:36:26,143,109.186.67.91,32.0664978,34.76519775,1234561058,3,3,2,3,3,2,2,3,2,4,3,2,3,3,2,4,4,5,4,2,2,5,4,2,4,4,2,1,38,4,3,2,4,6,5,4,6,4,1,5,5,0,88,0
27/03/2020,13:48:17,27/03/2020,13:51:31,194,85.64.186.46,32.81599426,34.98210144,1234561059,5,5,5,4,4,3,4,3,5,3,3,4,3,3,3,3,5,3,3,3,3,2,2,1,2,4,2,1,40,4,3,7,3,6,5,7,2,7,4,6,2,0,100,1
27/03/2020,12:53:26,27/03/2020,12:58:23,297,77.124.40.188,31.89430237,34.81919861,1234561060,4,3,3,3,4,4,4,3,5,2,2,3,5,2,5,2,3,2,3,2,2,3,4,4,2,4,2,1,34,3,2,4,2,5,2,6,5,6,4,6,1,0,88,1
27/03/2020,6:54:31,27/03/2020,7:06:54,742,213.57.42.203,32.08760071,34.87390137,1234563126,4,4,4,4,3,3,4,3,3,1,3,2,3,3,3,3,3,3,3,1,4,3,3,3,3,4,2,0,59,4,4,2,3,5,2,4,4,4,4,5,5,0,88,1
27/03/2020,3:35:00,27/03/2020,3:40:00,268,46.116.176.219,32.0664978,34.76519775,1234561231,2,3,3,3,4,4,4,2,4,1,1,3,4,1,4,3,4,1,4,1,1,3,3,1,4,4,2,1,30,3,3,4,2,4,2,2,3,6,5,4,1,1,88,1
27/03/2020,5:39:00,27/03/2020,5:42:00,213,46.116.176.219,32.0664978,34.76519775,1234561232,4,3,3,3,3,3,2,2,2,1,2,3,2,1,2,1,3,1,2,1,4,3,3,1,3,4,2,0,30,3,4,4,3,6,3,5,6,6,2,6,4,1,88,1
27/03/2020,3:06:00,27/03/2020,3:25:00,1119,87.71.38.37,32.0664978,34.76519775,1234561233,2,2,2,1,2,2,1,2,2,5,4,2,3,4,4,4,3,5,4,4,3,2,3,4,3,4,2,1,36,4,4,3,4,6,2,6,4,4,2,7,2,1,75,1
27/03/2020,4:33:00,27/03/2020,4:38:00,244,147.161.9.32,32.0664978,34.76519775,1234561235,4,2,4,5,5,5,5,3,4,1,1,4,5,2,3,4,3,2,1,1,1,4,5,1,4,4,2,1,24,1,3,5,4,5,2,6,2,4,4,6,5,1,88,1
27/03/2020,4:16:00,27/03/2020,4:18:00,122,87.71.38.37,32.0664978,34.76519775,1234561236,4,4,4,4,4,4,3,4,3,4,2,4,4,3,4,3,3,4,3,3,3,3,3,3,3,5,5,1,25,2,3,4,5,5,3,5,5,5,4,5,4,1,50,1
27/03/2020,2:43:00,27/03/2020,2:59:00,941,87.71.38.37,32.0664978,34.76519775,1234561237,1,1,2,1,1,1,1,2,1,5,5,1,1,5,2,3,2,3,3,5,3,2,3,5,4,4,2,0,30,4,4,5,5,4,6,3,6,7,4,3,3,1,100,1
27/03/2020,3:40:00,27/03/2020,3:48:00,465,109.66.25.136,32.0664978,34.76519775,1234561238,2,2,2,2,2,4,3,2,3,1,3,3,5,5,3,5,4,4,4,3,2,3,3,4,3,4,2,1,26,2,3,6,6,5,3,6,2,3,4,4,2,1,88,1
27/03/2020,3:40:00,27/03/2020,3:43:00,186,77.138.66.55,32.86109924,35.25689697,1234561239,1,1,1,1,1,1,1,1,1,5,5,1,2,2,2,2,3,3,2,3,3,3,3,2,4,4,2,0,19,3,3,5,5,6,3,6,2,6,2,4,4,1,100,1
27/03/2020,3:49:00,27/03/2020,3:54:00,297,89.208.130.11,31.79150391,34.64970398,1234561240,4,4,3,4,4,3,5,3,3,1,2,5,4,3,3,2,3,1,3,1,2,4,3,2,3,4,2,0,25,2,3,4,5,5,5,4,4,3,3,4,5,1,100,1
28/03/2020,8:15:11,28/03/2020,8:18:09,177,109.110.233.231,35.1638031,33.36390686,1234561142,1,3,2,1,1,1,2,3,1,5,5,1,1,2,1,2,2,4,1,5,3,1,1,4,1,4,2,1,27,2,4,6,5,7,3,7,3,7,1,6,4,0,63,1
28/03/2020,8:15:39,28/03/2020,8:20:49,310,109.110.233.231,35.1638031,33.36390686,1234561143,1,2,2,1,1,4,4,4,3,4,4,5,3,1,4,3,1,3,1,5,3,1,1,5,1,3,1,0,27,2,4,4,6,7,2,6,7,5,3,6,2,0,88,1
28/03/2020,5:24:58,28/03/2020,5:32:18,440,176.229.201.32,32.0664978,34.76519775,1234561161,4,2,3,3,2,2,3,4,3,3,4,3,3,4,3,4,3,5,3,4,2,4,2,4,4,4,2,1,29,4,3,6,6,3,5,6,3,6,4,5,3,0,100,1
28/03/2020,5:11:57,28/03/2020,5:19:10,432,2.55.43.26,32.0664978,34.76519775,1234561162,2,2,1,1,3,1,1,4,2,5,3,2,3,5,2,4,2,4,2,4,3,2,2,5,3,4,2,0,26,2,4,5,3,3,3,5,3,6,2,6,3,0,100,1
28/03/2020,6:40:18,28/03/2020,6:43:53,215,77.137.93.192,32.0664978,34.76519775,1234561163,3,4,4,4,3,3,3,2,2,4,4,3,2,4,2,5,3,4,4,3,4,4,3,5,2,4,2,0,25,4,3,5,2,7,1,7,4,6,2,7,1,0,75,1
28/03/2020,7:07:11,28/03/2020,7:17:46,635,69.54.28.105,44.13259888,-73.27929688,1234561164,3,2,1,1,1,2,1,2,2,5,5,2,3,3,3,1,3,3,3,5,5,1,1,5,3,4,2,0,51,4,3,7,5,6,4,7,3,6,3,6,2,0,75,1
28/03/2020,7:00:50,28/03/2020,7:12:22,692,69.54.28.105,44.13259888,-73.27929688,1234561165,2,1,1,1,1,1,1,2,1,4,4,1,3,2,3,2,1,2,2,4,5,1,2,4,1,4,2,1,60,4,3,2,3,3,2,6,6,6,5,6,2,0,75,1
28/03/2020,6:50:17,28/03/2020,7:00:02,584,77.124.108.119,32.0664978,34.76519775,1234561166,3,4,5,4,4,4,5,3,4,1,2,4,3,1,3,4,4,3,4,1,3,4,4,1,4,4,2,1,28,3,1,5,3,6,1,7,4,6,6,6,2,0,100,1
28/03/2020,7:07:16,28/03/2020,7:11:33,256,185.32.178.82,32.0664978,34.76519775,1234561167,2,4,4,4,4,3,4,3,4,4,3,4,3,3,4,3,4,3,4,3,3,4,4,3,4,4,2,1,27,3,3,2,4,5,2,4,5,6,4,5,2,0,100,1
28/03/2020,7:17:05,28/03/2020,7:26:23,557,69.54.28.105,44.13259888,-73.27929688,1234561168,5,4,5,1,5,4,5,3,3,1,4,5,4,2,4,4,5,2,3,2,4,5,5,1,5,4,2,1,22,2,3,3,5,6,4,6,5,3,1,3,3,0,88,1
28/03/2020,7:57:44,28/03/2020,8:04:03,379,188.64.207.96,32.0664978,34.76519775,1234561169,3,2,2,3,2,3,3,4,4,3,3,3,3,4,3,2,3,3,2,3,3,4,3,4,3,3,2,0,60,4,3,4,5,6,4,6,5,7,1,6,2,0,0,1
28/03/2020,9:41:49,28/03/2020,9:45:13,204,109.65.191.194,31.5,34.75,1234561170,4,4,5,3,5,3,2,4,3,3,2,4,2,4,2,5,4,5,5,1,3,4,4,3,3,4,2,1,27,2,3,3,4,6,2,6,4,5,3,6,4,0,100,1
28/03/2020,12:09:33,28/03/2020,12:16:02,389,109.186.7.219,32.0664978,34.76519775,1234561177,2,2,1,1,1,4,4,4,1,5,5,3,3,3,3,4,1,4,1,5,3,3,1,5,3,1,2,0,27,2,2,6,6,4,4,6,1,5,6,2,1,0,88,1
28/03/2020,14:14:04,28/03/2020,14:17:20,195,79.178.90.60,32.0664978,34.76519775,1234561178,5,5,5,5,5,5,5,3,5,1,3,5,5,2,5,3,5,3,1,1,3,5,5,1,5,4,2,1,25,2,3,6,7,6,3,5,3,7,2,7,6,0,100,1
28/03/2020,13:45:10,28/03/2020,13:48:15,185,79.180.14.30,32.0664978,34.76519775,1234561179,5,3,5,5,5,5,5,2,5,2,1,5,5,2,5,4,5,1,1,1,1,5,5,2,4,4,2,1,25,3,1,4,7,7,2,7,3,5,1,6,3,0,75,1
28/03/2020,12:42:56,28/03/2020,12:47:57,300,80.178.100.21,32.0664978,34.76519775,1234561180,3,3,3,4,3,4,4,3,5,3,3,3,3,5,3,2,2,1,1,4,3,1,2,1,3,4,2,1,25,2,3,3,6,7,4,6,6,4,3,5,3,0,88,1
28/03/2020,10:00:00,28/03/2020,10:05:00,292,212.179.104.120,32.0664978,34.76519775,1234561230,4,5,3,4,4,5,4,4,5,2,2,3,3,1,5,2,4,3,4,2,3,4,4,2,4,4,2,1,25,2,3,4,2,5,2,6,3,6,2,7,1,1,75,1
28/03/2020,7:00:00,28/03/2020,7:02:00,147,93.173.28.144,32.0664978,34.76519775,1234561043,5,5,5,5,5,5,5,5,5,1,1,5,2,2,2,5,5,5,5,1,1,5,3,3,3,4,2,0,26,3,3,1,1,5,1,7,2,7,2,7,3,0,100,1
29/03/2020,11:48:10,29/03/2020,11:53:01,291,176.230.157.113,31.81559753,34.72079468,1234561145,2,3,3,3,4,3,3,2,3,1,1,3,4,1,4,1,3,1,3,1,1,3,4,2,2,4,2,0,30,4,3,1,4,7,2,4,6,5,1,6,4,0,88,1
29/03/2020,9:35:36,29/03/2020,9:38:18,162,188.64.206.202,32.0664978,34.76519775,1234561203,2,2,3,1,3,1,1,1,1,3,5,2,4,3,3,1,1,1,1,1,3,2,3,4,3,4,2,1,25,3,2,2,3,3,2,4,2,5,4,2,4,0,75,1
29/03/2020,14:53:09,29/03/2020,14:55:59,170,217.132.170.255,32.08760071,34.87390137,1234561207,1,3,2,1,1,4,3,1,4,3,4,2,3,3,3,2,1,1,1,5,5,1,2,4,2,4,2,1,26,2,3,6,6,6,2,7,5,5,1,7,6,0,100,1
29/03/2020,14:25:12,29/03/2020,14:27:52,159,188.64.207.220,32.0664978,34.76519775,1234561208,3,3,2,3,3,3,4,3,3,1,4,3,4,2,3,2,3,2,2,2,4,2,3,1,3,4,2,0,24,1,3,5,5,5,4,4,1,5,1,6,5,0,88,1
29/03/2020,9:46:14,29/03/2020,9:52:56,401,46.19.85.144,32.0664978,34.76519775,1234561209,2,2,1,2,3,1,1,2,1,5,5,1,1,5,1,3,2,2,4,3,3,2,2,5,4,4,2,0,48,4,4,1,5,6,2,6,2,6,2,5,1,0,88,1
29/03/2020,5:05:00,29/03/2020,5:59:00,3239,89.139.81.153,31.89430237,34.81919861,1234561229,3,4,4,4,3,1,2,4,2,4,3,3,2,4,3,4,4,4,3,2,2,4,3,3,3,4,2,1,26,3,3,3,6,6,2,5,6,4,2,6,2,1,100,1
30/03/2020,12:04:39,30/03/2020,12:12:18,459,77.138.45.23,32.01229858,34.77049255,1234561027,4,3,2,3,2,3,3,4,4,4,2,4,2,2,5,2,3,2,4,5,2,2,4,5,2,4,2,1,31,3,4,4,3,6,2,7,6,5,4,6,3,0,88,1
30/03/2020,11:53:49,30/03/2020,12:13:37,1187,77.138.45.23,32.01229858,34.77049255,1234561028,4,4,3,4,3,3,3,5,5,4,2,4,3,2,4,3,2,4,4,5,2,4,2,5,2,4,2,0,28,2,3,1,4,5,5,5,4,4,1,4,3,0,100,1
30/03/2020,10:04:10,30/03/2020,10:09:16,305,79.177.44.165,32.0664978,34.76519775,1234561135,4,4,2,4,4,4,5,3,4,1,1,4,4,1,4,3,4,2,2,3,4,2,4,1,3,4,2,1,27,3,1,2,6,4,5,5,4,6,4,4,2,0,75,1
30/03/2020,7:12:26,30/03/2020,7:15:10,163,109.186.62.108,32.0664978,34.76519775,1234561181,2,2,1,2,3,2,2,4,4,5,4,3,3,4,5,5,5,5,5,3,2,3,3,5,3,4,2,1,26,3,3,5,6,3,3,4,1,7,6,4,1,0,88,1
30/03/2020,9:00:57,30/03/2020,9:12:09,671,109.186.62.108,32.0664978,34.76519775,1234561182,3,2,2,2,3,2,2,3,2,4,4,2,2,5,3,3,3,4,4,5,3,2,2,5,3,4,2,0,25,3,3,4,5,6,6,4,4,7,1,5,2,0,88,1
30/03/2020,7:50:57,30/03/2020,7:57:12,375,93.172.36.48,32.15209961,34.88859558,1234561186,5,5,5,5,5,3,2,1,1,2,3,3,3,4,2,4,5,4,5,1,2,4,5,1,5,4,2,1,26,3,3,7,2,7,1,7,2,7,3,6,5,0,100,1
30/03/2020,9:29:56,30/03/2020,9:38:28,512,109.65.120.196,32.0664978,34.76519775,1234561187,5,4,4,4,4,4,4,4,4,2,1,4,3,1,4,3,4,3,4,1,1,4,4,1,4,4,2,1,28,2,3,4,4,6,2,6,4,6,1,7,4,0,88,1
30/03/2020,5:11:53,30/03/2020,5:14:35,162,5.29.253.220,32.33479309,34.85960388,1234561211,1,2,2,1,2,1,1,1,1,4,4,2,1,2,2,1,1,1,1,5,5,1,1,5,1,4,2,1,22,3,1,3,5,5,3,6,5,5,3,5,3,0,75,1
30/03/2020,8:19:40,30/03/2020,8:23:41,241,80.179.57.103,32.07170105,34.81530762,1234561212,3,1,2,2,3,4,4,4,3,3,3,3,3,2,3,3,2,4,4,3,3,2,2,3,2,4,2,1,22,1,1,4,7,6,3,4,6,5,1,4,4,0,100,1
30/03/2020,8:39:36,30/03/2020,8:45:33,357,77.138.206.50,32.33479309,34.85960388,1234561214,2,1,3,3,2,1,2,4,1,5,5,3,2,5,2,2,2,3,3,5,5,3,2,5,2,4,2,1,23,2,2,6,2,7,1,7,3,7,2,7,2,0,75,1
30/03/2020,6:49:12,30/03/2020,6:52:48,215,79.177.112.178,32.0664978,34.76519775,1234561218,4,4,4,5,5,4,5,4,5,2,1,4,5,1,4,2,2,1,1,3,3,3,3,4,2,4,2,0,27,3,3,4,5,5,5,4,4,5,3,4,3,0,88,1
30/03/2020,9:01:22,30/03/2020,9:07:23,360,79.177.112.178,32.0664978,34.76519775,1234561220,3,3,3,3,3,3,4,3,4,2,1,3,3,1,3,2,2,1,1,2,1,3,1,1,3,4,2,1,29,4,2,2,7,6,1,6,6,7,1,7,1,0,100,1
30/03/2020,10:14:29,30/03/2020,10:18:39,250,5.29.104.117,31.61000061,34.76420593,1234561322,5,5,5,5,5,5,5,5,5,2,1,4,4,1,4,5,5,4,5,1,1,4,5,1,5,4,2,1,27,3,2,4,2,5,3,4,6,6,4,4,1,0,75,1
30/03/2020,9:20:36,30/03/2020,9:23:44,187,93.173.46.68,32.0664978,34.76519775,1234561330,5,5,3,5,5,4,4,4,4,1,1,4,4,1,4,3,4,1,1,1,1,2,2,3,3,4,2,0,26,3,3,3,3,7,3,4,6,6,1,6,5,0,88,1
30/03/2020,9:36:03,30/03/2020,9:40:00,237,217.132.233.255,32.0664978,34.76519775,1234561332,3,4,1,3,1,2,1,5,3,5,2,4,1,4,1,5,2,5,5,5,2,2,2,4,2,4,2,0,27,3,4,1,3,6,2,6,6,5,1,6,2,0,88,1
30/03/2020,5:20:20,30/03/2020,5:24:03,222,77.137.84.118,32.0664978,34.76519775,1234562130,3,2,3,4,4,1,2,2,1,3,4,4,2,5,2,3,2,4,4,2,1,5,2,3,4,4,2,1,21,2,1,2,4,4,3,5,4,7,2,6,4,0,100,1
30/03/2020,9:42:56,30/03/2020,9:52:38,582,80.179.57.107,32.07170105,34.81530762,1234562131,2,2,1,1,1,1,1,1,1,5,5,1,1,5,1,1,1,1,1,5,5,1,1,5,1,4,2,0,15,1,1,4,5,3,3,6,1,7,3,2,1,0,100,1
30/03/2020,16:17:46,30/03/2020,16:23:09,322,37.46.34.100,32.0664978,34.76519775,1234562131,2,1,2,1,2,1,1,2,1,5,4,2,3,5,3,2,2,3,3,5,3,2,2,5,3,4,2,1,37,4,3,3,2,7,1,6,4,4,1,7,1,0,100,1
30/03/2020,10:30:57,30/03/2020,10:34:50,233,217.132.60.240,32.0664978,34.76519775,1234562133,1,1,1,1,4,2,2,4,1,4,1,2,2,3,3,4,3,5,5,5,1,1,1,5,3,4,2,1,26,3,3,5,5,6,4,7,2,7,2,7,1,0,75,1
30/03/2020,11:32:21,30/03/2020,11:37:08,286,5.28.161.62,32.08210754,34.81219482,1234562136,3,3,3,3,3,4,4,5,2,3,3,4,4,3,3,2,2,3,3,3,3,3,2,4,2,4,2,0,39,4,4,1,4,7,3,7,6,5,1,7,4,0,88,1
30/03/2020,11:33:18,30/03/2020,11:39:39,380,185.120.126.14,32.0664978,34.76519775,1234562137,5,4,4,3,2,4,3,2,5,4,2,5,4,3,4,3,3,2,4,4,3,4,5,2,5,4,2,1,24,2,1,2,3,6,2,7,7,6,2,7,1,0,100,1
30/03/2020,10:25:10,30/03/2020,10:30:56,345,109.253.213.181,32.0664978,34.76519775,1234562138,3,3,4,2,2,2,3,3,3,4,2,3,2,4,2,3,2,4,5,4,2,2,2,5,2,4,2,1,19,2,1,2,5,7,1,6,6,6,2,7,4,0,100,1
30/03/2020,9:45:49,30/03/2020,9:57:44,714,80.179.57.107,32.07170105,34.81530762,1234562139,2,2,2,1,1,1,1,1,2,5,5,2,1,5,2,1,1,2,1,5,5,1,1,5,2,3,2,0,49,4,3,5,4,6,4,6,4,6,1,4,3,0,88,1
30/03/2020,9:09:00,30/03/2020,9:14:00,281,93.172.142.203,32.0664978,34.76519775,1234562140,3,3,2,2,1,4,2,4,1,4,3,2,2,2,2,1,1,1,2,4,4,3,2,4,2,4,2,0,24,2,3,5,5,3,5,5,3,5,1,4,3,1,100,1
30/03/2020,12:18:00,30/03/2020,12:21:00,198,82.81.46.207,32.0664978,34.76519775,1234562141,1,1,4,4,3,2,1,1,1,1,5,2,1,1,3,4,5,4,1,1,3,4,4,1,5,4,2,1,26,4,3,3,3,6,1,5,7,4,1,7,3,1,75,1
30/03/2020,12:56:00,30/03/2020,13:00:00,216,5.29.75.131,32.08210754,34.81219482,1234562142,5,5,4,5,4,4,4,3,5,1,1,4,4,2,3,4,5,3,4,1,1,4,4,1,3,4,2,1,25,3,3,1,2,6,1,6,6,5,1,7,2,1,88,1
30/03/2020,12:02:00,30/03/2020,12:06:00,220,109.67.17.168,32.0664978,34.76519775,1234562145,2,3,4,4,5,4,5,5,5,2,1,3,4,2,4,3,4,2,3,2,2,4,3,2,4,4,2,1,34,4,4,5,5,6,1,5,2,5,1,6,3,1,100,1
30/03/2020,12:06:00,30/03/2020,12:10:00,251,109.67.17.168,32.0664978,34.76519775,1234562146,2,2,1,1,1,1,1,2,1,5,5,1,1,5,1,1,1,1,1,5,5,1,1,5,1,4,2,0,35,4,3,3,5,7,4,2,6,6,1,7,1,1,88,1
30/03/2020,11:58:00,30/03/2020,12:07:00,497,79.176.229.126,32.0664978,34.76519775,1234562149,2,2,2,1,1,1,1,3,2,5,5,2,2,5,2,2,3,3,3,4,4,1,2,5,3,1,2,0,55,4,2,5,2,5,4,6,4,7,5,5,2,1,100,1
31/03/2020,10:26:01,31/03/2020,10:30:10,248,80.179.57.107,32.07170105,34.81530762,1234561079,1,1,1,1,1,1,1,1,1,5,5,1,1,5,1,1,1,1,1,5,5,1,1,5,1,4,2,0,15,1,1,7,6,1,5,5,1,7,6,1,1,0,100,1
31/03/2020,9:58:44,31/03/2020,10:07:13,509,176.12.253.89,32.0664978,34.76519775,1234561080,4,3,4,5,5,4,5,3,5,2,1,4,5,3,4,2,4,1,3,3,3,4,4,1,3,4,2,1,19,2,3,2,5,3,2,5,6,4,4,6,4,0,88,1
31/03/2020,13:16:40,31/03/2020,13:19:49,188,2.55.37.57,32.08210754,34.81219482,1234561144,5,4,5,4,3,2,3,3,3,5,4,2,3,3,3,5,5,5,5,5,5,5,4,5,3,4,2,1,31,4,3,4,4,6,2,7,3,3,2,7,1,0,100,1
31/03/2020,13:06:11,31/03/2020,13:08:57,166,192.114.91.212,31.7808075,35.22869873,1234561146,2,5,5,5,5,5,5,5,5,3,2,5,5,1,5,3,2,2,2,4,3,5,3,2,3,4,2,1,31,2,3,1,5,4,7,7,4,7,4,4,4,0,88,1
31/03/2020,10:03:32,31/03/2020,10:12:58,566,85.250.208.60,32.0664978,34.76519775,1234561185,2,2,3,2,1,2,1,5,2,5,5,1,2,2,3,5,1,5,5,5,4,1,2,4,2,4,2,0,30,4,4,5,5,7,3,5,2,5,1,5,5,0,75,1
31/03/2020,8:45:55,31/03/2020,8:52:58,423,87.71.14.194,32.0664978,34.76519775,1234561188,2,3,1,1,1,1,1,4,2,5,5,2,3,5,4,3,1,4,2,4,2,1,3,5,3,4,2,0,63,4,4,2,1,6,5,7,1,7,3,6,1,0,100,1
31/03/2020,12:13:11,31/03/2020,12:17:08,236,93.173.231.106,32.0664978,34.76519775,1234561189,4,4,3,3,2,2,2,3,2,4,3,2,2,5,2,2,2,3,2,3,3,2,2,3,2,4,2,0,30,4,3,2,2,6,5,5,4,5,2,5,3,0,88,1
31/03/2020,10:01:45,31/03/2020,10:03:49,124,93.173.19.90,32.0664978,34.76519775,1234561190,5,4,4,4,3,4,2,5,3,5,2,3,2,4,1,5,5,5,5,5,1,3,4,3,4,4,2,1,33,4,3,6,5,5,6,7,2,7,6,5,7,0,100,1
31/03/2020,6:29:13,31/03/2020,6:33:10,237,31.168.116.98,32.0664978,34.76519775,1234561213,5,5,5,5,5,5,5,5,5,1,1,5,4,3,4,5,5,5,5,1,1,5,5,1,5,4,4,1,22,2,1,2,2,7,2,7,5,7,1,6,3,0,88,1
31/03/2020,7:20:07,31/03/2020,7:23:53,226,77.126.48.65,32.0664978,34.76519775,1234561417,3,3,2,3,3,3,3,3,3,4,3,1,1,4,3,2,3,2,2,2,4,3,4,1,3,4,2,0,25,2,3,4,4,6,3,5,3,6,1,6,1,0,100,1
31/03/2020,7:49:24,31/03/2020,7:53:12,228,62.0.25.120,32.61019897,35.290802,1234561418,3,2,2,2,2,1,1,2,2,5,5,2,2,3,3,3,1,3,5,5,4,2,3,3,3,4,2,1,34,4,3,5,5,3,5,4,3,6,5,3,3,0,100,1
31/03/2020,12:43:06,31/03/2020,13:06:59,1433,87.70.200.105,31.5,34.75,1234561420,4,5,4,5,5,4,4,3,4,2,3,4,3,3,3,4,3,3,3,2,3,3,3,2,4,4,2,1,51,4,4,2,3,6,2,4,6,6,3,6,3,0,75,1
31/03/2020,9:37:26,31/03/2020,9:44:05,398,5.28.161.62,32.08210754,34.81219482,1234562134,1,1,1,1,1,1,1,3,1,5,5,1,1,5,1,1,1,3,1,5,5,1,1,5,3,4,3,1,45,3,2,4,3,6,3,7,4,5,1,4,4,0,75,1
31/03/2020,9:29:09,31/03/2020,9:43:00,831,5.28.161.62,32.08210754,34.81219482,1234562135,4,3,5,5,5,3,2,5,3,5,4,2,1,4,2,3,4,4,2,1,2,1,1,4,2,4,2,0,19,1,1,4,2,6,5,7,6,7,2,4,3,0,88,1
31/03/2020,6:41:00,31/03/2020,6:43:00,149,109.186.126.78,32.0664978,34.76519775,1234562144,5,4,5,5,5,2,5,2,4,1,3,5,5,3,4,5,5,3,3,1,3,5,5,2,4,4,2,0,30,4,3,3,3,6,5,4,5,7,2,4,4,1,63,1
31/03/2020,2:16:00,31/03/2020,2:20:00,261,62.219.239.206,32.0664978,34.76519775,1234562148,4,4,4,5,2,4,3,3,4,2,2,2,2,1,2,2,3,1,1,3,1,1,2,1,1,3,2,1,26,3,3,3,3,5,4,5,4,5,4,5,3,1,25,1
31/03/2020,11:35:00,03/04/2020,7:50:00,3239,176.229.204.146,32.0664978,34.76519775,1234561081,2,4,5,3,3,2,4,3,4,5,2,4,4,2,4,4,4,3,3,5,3,4,3,1,4,4,2,1,30,4,3,5,6,4,2,7,1,6,2,5,1,0,88,1
01/04/2020,3:30:08,01/04/2020,3:35:51,342,79.183.218.221,31.7808075,35.22869873,1234561329,5,4,4,4,2,4,3,4,2,3,2,3,3,2,3,5,5,5,5,5,2,5,5,5,4,4,2,0,27,2,4,3,4,5,5,5,6,5,3,5,2,0,88,1
01/04/2020,9:18:00,01/04/2020,9:22:00,229,79.176.197.101,32.18080139,34.86720276,1234561217,2,5,5,4,3,5,5,5,5,1,1,5,5,1,5,5,5,5,5,1,1,5,5,1,5,4,2,1,21,2,1,1,4,6,1,7,4,5,2,7,3,1,88,1
02/04/2020,2:00:01,02/04/2020,2:07:33,452,37.142.4.97,32.0664978,34.76519775,1234561323,5,5,5,5,5,3,5,1,4,1,1,5,5,1,5,3,5,1,1,1,1,3,5,1,5,4,5,0,23,2,3,5,5,5,6,6,4,6,4,6,2,0,75,1
02/04/2020,8:54:27,02/04/2020,9:03:47,559,109.67.185.214,32.0664978,34.76519775,1234561401,3,3,4,4,5,4,4,4,4,4,2,4,3,3,3,4,4,4,4,4,2,4,3,3,3,4,2,1,30,4,3,6,4,6,5,5,2,6,2,3,2,0,88,1
02/04/2020,8:17:50,02/04/2020,8:22:11,261,5.102.229.142,32.0664978,34.76519775,1234561402,3,3,1,1,1,4,2,2,2,4,5,1,1,3,2,2,2,3,5,5,5,2,2,4,2,4,2,1,30,3,3,3,3,6,1,7,2,4,5,7,1,0,88,1
03/04/2020,7:09:43,03/04/2020,7:14:13,270,87.70.29.75,32.0664978,34.76519775,1234561421,2,3,3,2,2,3,5,5,3,5,4,4,3,5,2,3,3,3,3,3,5,3,3,5,3,4,2,0,22,3,3,2,5,6,4,6,4,5,2,5,4,0,75,1
03/04/2020,7:57:00,03/04/2020,8:02:00,277,176.229.204.146,32.0664978,34.76519775,1234561082,5,5,4,5,3,5,4,3,4,1,2,4,4,2,3,4,5,5,3,2,3,4,5,2,4,1,5,1,26,2,3,3,4,5,3,5,5,3,4,4,3,0,88,1
03/04/2020,8:00:00,03/04/2020,8:02:00,83,77.125.105.172,32.0664978,34.76519775,1234561083,4,3,4,3,2,2,5,5,1,2,1,3,3,3,4,4,3,4,4,2,3,5,4,3,5,3,2,1,22,2,3,5,6,4,5,5,5,6,7,7,7,0,50,1
03/04/2020,8:08:00,03/04/2020,8:11:00,188,77.126.6.89,32.0664978,34.76519775,1234561084,4,4,5,4,3,4,5,4,5,2,1,5,4,2,4,3,4,2,2,1,4,3,2,4,3,4,2,1,25,2,3,4,2,6,2,6,5,7,3,6,3,0,88,1
03/04/2020,9:07:00,03/04/2020,9:29:00,1358,77.139.183.174,32.0664978,34.76519775,1234561085,2,2,3,3,1,2,4,3,2,1,3,3,4,1,3,3,3,3,2,2,2,3,3,3,3,4,2,1,26,3,3,3,7,7,2,7,5,5,1,5,3,0,75,1
03/04/2020,8:04:00,03/04/2020,8:10:00,344,2.53.4.222,32.0664978,34.76519775,1234561086,3,4,4,3,4,3,2,3,1,5,4,2,1,3,3,3,1,3,1,5,4,2,1,5,1,4,5,1,23,3,3,3,4,6,2,5,6,4,1,7,4,0,100,1
03/04/2020,8:07:00,03/04/2020,8:10:00,176,213.57.50.212,31.89430237,34.81919861,1234561087,3,3,4,4,2,2,4,1,2,1,4,3,3,2,2,1,3,1,1,3,2,1,1,3,2,4,2,1,27,3,3,4,5,7,3,5,5,2,1,5,5,0,88,1
03/04/2020,7:41:00,03/04/2020,7:45:00,272,188.64.207.207,32.0664978,34.76519775,1234561088,3,4,3,4,3,1,1,3,1,5,5,2,3,5,1,2,1,5,1,5,5,3,1,5,1,4,2,0,30,4,3,1,6,7,4,5,5,7,1,4,3,0,75,1
03/04/2020,10:16:00,03/04/2020,10:20:00,242,188.64.207.26,32.0664978,34.76519775,1234561089,4,5,4,4,2,4,5,4,4,2,2,4,3,3,4,4,2,4,4,1,4,3,4,2,3,4,2,1,29,4,3,1,4,7,3,6,2,6,1,4,5,0,88,1
03/04/2020,7:39:00,03/04/2020,7:42:00,182,109.186.192.73,32.83920288,35.50140381,1234561090,4,4,4,4,3,5,3,2,3,2,2,4,3,4,2,2,4,2,4,2,3,4,4,2,4,4,2,1,34,3,3,4,6,5,5,3,6,6,4,6,5,0,100,1
03/04/2020,8:34:00,03/04/2020,8:37:00,193,91.205.154.149,32.0664978,34.76519775,1234561092,5,5,5,5,4,1,1,3,1,5,4,1,1,5,1,1,1,4,1,4,3,1,1,5,1,3,2,1,25,2,3,3,6,5,1,7,5,5,4,6,4,0,88,1
03/04/2020,10:06:00,03/04/2020,10:11:00,321,184.153.5.1,40.76530457,-73.95890045,1234561093,3,2,3,3,1,3,3,3,5,3,3,2,3,1,3,1,1,1,1,5,5,1,1,5,1,4,2,1,35,4,2,6,5,5,3,5,1,5,2,6,6,0,63,1
04/04/2020,13:17:36,04/04/2020,13:25:44,488,109.66.99.173,32.0664978,34.76519775,1234561331,3,2,3,3,2,3,4,4,4,5,1,2,3,2,3,3,3,5,5,5,1,2,1,4,1,4,2,0,28,3,4,5,4,6,4,6,2,6,4,6,4,0,75,1
05/04/2020,2:41:33,05/04/2020,2:44:38,185,77.138.134.63,32.81599426,34.98210144,1234561324,3,4,3,2,2,3,4,3,3,2,4,2,3,2,3,2,2,1,1,1,5,1,1,1,1,4,2,1,29,4,4,5,5,5,2,5,4,4,5,5,2,0,100,1
05/04/2020,2:51:23,05/04/2020,2:55:57,273,31.168.11.194,32.0664978,34.76519775,1234561404,3,2,3,3,2,3,2,2,2,5,4,2,2,4,2,3,4,4,4,3,2,4,4,2,3,4,2,1,25,3,3,3,5,7,5,5,4,6,2,5,3,0,75,1
05/04/2020,2:54:18,05/04/2020,3:00:26,368,31.168.11.194,32.0664978,34.76519775,1234561405,1,2,1,1,2,1,1,3,1,5,4,3,4,2,4,4,2,5,5,3,3,4,3,2,3,4,2,0,24,4,3,6,4,6,6,7,4,7,3,6,1,0,100,1
05/04/2020,4:32:11,05/04/2020,4:43:20,669,79.181.21.103,32.0664978,34.76519775,1234561422,2,2,1,2,1,3,2,2,2,5,5,2,2,3,2,3,2,3,2,5,5,2,2,3,2,4,2,0,27,3,2,4,5,6,4,6,7,7,1,6,2,0,100,1
05/04/2020,8:07:43,05/04/2020,8:11:51,247,46.117.4.4,31.61000061,34.76420593,1234561423,5,5,4,4,3,1,1,2,2,5,5,2,2,3,2,4,4,5,5,5,2,4,5,5,5,4,2,1,26,2,3,2,4,6,5,7,6,5,2,6,4,0,75,1
06/04/2020,23:42:49,06/04/2020,23:46:20,211,109.67.72.164,32.0664978,34.76519775,1234561430,1,1,1,1,1,1,1,1,1,5,5,1,1,5,3,5,1,5,5,5,5,1,1,5,3,4,2,0,28,4,2,3,3,5,4,6,7,7,1,5,7,0,100,1
07/04/2020,2:10:46,07/04/2020,2:18:13,446,37.142.4.129,32.15209961,34.88859558,1234561333,4,2,4,5,1,3,5,3,5,1,3,3,4,1,4,5,4,1,4,1,3,4,5,1,4,4,2,0,26,2,3,4,4,7,3,5,1,7,4,3,4,0,88,1
07/04/2020,3:26:11,07/04/2020,3:34:57,526,176.230.89.82,31.9631958,34.80400085,1234561336,4,3,3,2,3,3,2,2,2,5,3,3,2,5,3,5,3,5,4,5,2,3,2,5,2,3,2,1,30,2,2,4,5,5,2,6,4,6,2,6,2,0,100,1
07/04/2020,4:28:38,07/04/2020,4:31:37,178,79.180.109.73,32.0664978,34.76519775,1234561403,2,2,1,1,3,1,1,3,2,5,3,2,1,4,1,2,2,4,5,5,1,3,3,4,2,4,2,1,30,3,3,2,5,6,3,6,3,7,4,6,6,0,88,1
07/04/2020,3:44:37,07/04/2020,4:04:04,1166,5.29.212.75,32.81599426,34.98210144,1234561406,4,3,2,2,2,2,2,4,3,5,5,3,3,5,3,5,2,5,4,5,4,2,2,5,2,4,2,0,52,4,2,4,5,5,3,5,4,5,2,5,2,0,75,1
07/04/2020,11:24:07,07/04/2020,11:38:21,853,5.29.212.75,32.81599426,34.98210144,1234561407,1,2,2,2,2,4,3,2,2,2,4,3,2,2,3,1,2,2,2,4,4,1,2,4,2,4,2,1,58,4,4,4,2,6,2,3,6,6,2,6,3,0,88,1
07/04/2020,12:45:57,07/04/2020,12:51:17,319,5.28.157.17,32.0664978,34.76519775,1234561424,3,4,1,1,2,3,1,2,2,5,5,2,3,2,3,5,1,5,3,5,3,2,2,5,2,4,2,1,23,2,1,3,4,6,4,6,2,6,1,6,4,0,75,1
07/04/2020,1:28:04,07/04/2020,2:04:50,2205,185.3.145.123,32.0664978,34.76519775,1234561426,4,3,4,3,4,3,4,4,4,1,2,3,3,1,5,3,3,3,1,3,3,3,3,1,4,4,2,0,26,2,3,3,3,4,5,2,6,4,4,4,3,0,75,1
07/04/2020,0:29:00,07/04/2020,0:33:06,245,93.172.243.57,32.0664978,34.76519775,1234561428,5,4,5,4,5,4,4,5,5,3,1,5,5,5,5,5,2,5,5,5,5,5,5,5,5,1,2,1,26,3,1,4,4,5,4,6,6,4,3,6,3,0,88,1
07/04/2020,0:37:08,07/04/2020,0:42:12,303,85.64.205.28,32.0664978,34.76519775,1234561431,2,1,2,1,1,3,3,3,1,3,3,3,3,3,3,5,1,1,1,4,4,1,1,5,2,4,5,0,42,4,4,4,5,7,5,5,5,5,1,7,1,0,75,1
08/04/2020,3:35:42,08/04/2020,3:40:35,292,87.68.140.79,32.0664978,34.76519775,1234561425,1,1,2,2,5,1,2,4,5,4,2,5,5,2,5,3,4,1,1,1,1,2,2,1,1,4,2,0,44,4,4,5,2,4,2,6,3,7,4,5,1,0,88,1
12/04/2020,4:28:58,12/04/2020,4:30:48,109,147.161.9.230,32.0664978,34.76519775,1234561337,3,4,3,3,5,3,2,4,3,3,3,2,4,3,2,2,4,3,3,2,1,5,4,3,2,2,4,1,27,4,3,4,6,4,3,5,2,6,4,1,6,0,50,1
12/04/2020,14:12:40,12/04/2020,14:28:00,920,147.161.14.113,31.5,34.75,1234561339,4,4,3,3,3,3,3,3,3,3,3,3,3,3,3,3,3,3,3,3,3,3,3,3,3,4,2,1,28,2,3,4,4,4,4,4,4,4,4,4,4,0,88,1
12/04/2020,13:43:53,12/04/2020,13:56:47,773,141.226.13.163,32.0664978,34.76519775,1234561419,1,1,1,1,1,1,1,1,1,5,5,2,1,5,1,2,1,5,1,2,4,3,3,5,4,4,2,0,30,3,3,7,7,7,7,7,1,6,2,1,1,0,88,1
12/04/2020,7:15:11,12/04/2020,7:26:27,676,2.53.35.157,32.0664978,34.76519775,1234561433,2,2,2,2,2,2,1,3,2,4,4,1,2,3,2,3,2,3,2,4,4,2,2,3,3,4,4,1,28,2,3,4,4,6,2,6,3,5,3,5,2,0,100,1
12/04/2020,13:09:28,12/04/2020,13:13:24,235,89.138.12.96,32.0664978,34.76519775,1234561436,4,5,5,5,5,5,5,5,5,1,1,5,5,1,5,3,4,1,1,2,5,3,3,3,3,4,2,0,27,4,3,2,4,6,5,4,2,6,4,4,2,0,88,1
13/04/2020,10:49:28,13/04/2020,11:11:32,1324,77.126.19.49,31.79150391,34.64970398,1234561340,1,1,3,4,4,1,1,1,1,1,5,1,3,4,4,1,5,1,1,1,5,3,3,1,3,4,2,0,38,4,4,1,2,7,3,5,4,6,1,7,4,0,88,1
13/04/2020,7:04:04,13/04/2020,7:16:23,738,79.179.16.151,32.0664978,34.76519775,1234561408,4,4,2,2,4,2,3,3,2,4,4,2,3,4,2,4,4,4,4,2,5,2,4,4,4,4,2,1,30,3,4,4,5,5,1,7,2,6,3,6,4,0,88,1
13/04/2020,11:10:43,13/04/2020,11:13:45,181,141.226.11.54,32.0664978,34.76519775,1234561437,2,2,2,2,3,2,2,2,3,3,4,2,3,4,3,2,2,3,3,3,2,2,2,4,3,4,2,1,28,4,2,4,4,7,5,5,6,6,2,5,1,0,88,1
15/04/2020,11:53:13,15/04/2020,11:57:17,244,80.230.166.136,32.0664978,34.76519775,1234561325,2,2,3,2,2,1,1,1,2,3,4,2,2,4,2,2,2,4,4,3,2,2,2,4,2,4,2,1,30,3,3,5,4,6,4,6,2,5,4,5,4,0,63,1
15/04/2020,13:21:54,15/04/2020,13:25:40,226,80.230.166.136,32.0664978,34.76519775,1234561326,2,2,2,2,2,2,2,3,2,4,3,2,2,3,2,2,2,3,2,5,4,3,2,4,2,4,2,0,30,3,3,6,4,6,4,6,6,4,4,6,4,0,100,1
15/04/2020,9:08:29,15/04/2020,9:12:26,237,109.186.76.144,32.0664978,34.76519775,1234561328,4,4,5,5,5,3,4,4,5,4,3,5,5,2,5,4,4,4,4,2,2,4,5,2,5,4,2,0,30,3,3,2,5,7,6,7,6,7,2,5,4,0,100,1
15/04/2020,12:42:53,15/04/2020,12:50:35,461,62.128.35.227,32.1598053,34.82589722,1234561409,4,4,2,3,4,5,2,4,3,2,2,3,3,1,3,3,2,4,4,4,2,4,2,5,2,4,2,1,29,4,3,4,6,4,4,7,2,7,5,3,2,0,88,1
15/04/2020,9:23:39,15/04/2020,9:30:38,419,79.177.66.0,32.0664978,34.76519775,1234561412,4,3,3,4,3,2,2,4,4,3,3,3,2,3,2,5,2,5,4,4,2,4,3,4,3,4,2,1,22,2,1,3,6,5,2,5,6,4,2,7,4,0,88,1
15/04/2020,7:10:35,15/04/2020,7:14:14,219,46.19.86.216,32.0664978,34.76519775,1234561413,4,5,4,4,4,4,5,4,5,2,1,5,4,2,4,4,4,4,3,2,2,5,5,1,5,4,2,1,22,2,1,3,5,5,4,6,7,6,5,7,5,0,63,1
15/04/2020,10:21:35,15/04/2020,10:28:54,439,147.161.13.242,32.0664978,34.76519775,1234561416,1,1,1,1,2,2,1,2,2,3,3,1,1,4,4,1,1,2,2,3,3,3,2,4,3,3,2,0,69,4,3,5,6,5,7,6,5,5,4,5,3,0,100,1
15/04/2020,14:28:30,15/04/2020,14:32:13,222,89.138.12.96,32.0664978,34.76519775,1234561434,4,3,4,4,5,5,4,5,5,3,3,4,5,3,4,3,4,3,3,4,3,4,3,4,3,4,2,1,27,4,4,6,7,6,4,6,4,4,3,4,3,0,0,1
15/04/2020,15:04:50,15/04/2020,15:09:32,281,77.126.43.81,32.0664978,34.76519775,1234561435,5,5,5,5,5,5,5,3,5,2,2,4,4,4,4,5,5,3,3,1,1,5,4,2,4,4,2,1,28,3,3,3,4,7,3,5,5,6,3,4,1,0,75,1
16/04/2020,9:41:42,16/04/2020,9:53:41,718,109.221.152.48,48.85429382,2.352706909,1234561327,5,5,5,5,5,4,5,2,4,1,4,2,3,4,3,2,3,2,2,2,5,3,4,2,4,4,2,1,31,3,4,5,5,5,5,7,6,6,4,4,2,0,100,1
16/04/2020,16:27:18,16/04/2020,16:43:35,976,81.218.166.111,32.0664978,34.76519775,1234561440,2,2,2,2,1,2,2,3,3,2,4,3,2,3,3,3,3,3,3,3,2,3,2,4,3,4,2,0,24,2,3,5,3,3,5,5,3,5,4,3,3,0,75,1
18/04/2020,13:13:43,18/04/2020,13:18:32,289,93.173.93.53,31.7808075,35.22869873,1234561411,3,3,2,2,2,2,2,3,2,4,4,3,2,4,2,3,2,3,3,5,5,2,2,5,3,4,2,1,23,3,3,5,3,6,3,6,2,6,4,5,3,0,88,1
18/04/2020,5:25:57,18/04/2020,5:30:40,282,93.172.106.112,32.0664978,34.76519775,1234561438,5,5,4,5,3,4,5,4,5,2,3,4,5,3,4,4,3,4,3,3,3,4,5,2,4,4,2,1,28,2,3,4,4,6,3,7,6,7,4,6,3,0,75,1
18/04/2020,4:38:46,18/04/2020,6:23:07,3239,147.161.9.143,32.0664978,34.76519775,1234561439,2,3,2,2,3,3,2,3,2,2,4,3,3,3,3,3,3,3,3,3,2,4,3,3,3,4,2,1,28,3,3,3,4,5,3,3,5,4,2,6,5,0,88,1
19/04/2020,1:50:02,19/04/2020,2:03:15,793,109.186.215.171,31.81460571,34.77999878,1234561410,2,3,3,2,4,3,2,4,3,5,2,3,3,5,2,3,4,4,4,4,2,3,3,5,2,4,2,1,30,3,4,5,6,5,3,7,4,6,3,4,2,0,75,1